{"stat.useItem.minecraft.bow":3,"stat.useItem.minecraft.end_bricks":611,"stat.useItem.minecraft.quartz_block":2024,"stat.killEntity.EntityHorse":8,"stat.useItem.minecraft.painting":18,"stat.leaveGame":390,"stat.useItem.minecraft.bookshelf":5,"stat.useItem.minecraft.soul_sand":1,"stat.useItem.minecraft.repeating_command_block":6,"stat.useItem.minecraft.glowstone":93,"stat.useItem.minecraft.planks":65,"stat.useItem.minecraft.nether_brick_stairs":268,"stat.pickup.minecraft.porkchop":3,"stat.useItem.minecraft.water_bucket":68,"stat.useItem.minecraft.diamond_hoe":183,"stat.pickup.minecraft.sand":12,"stat.useItem.minecraft.sandstone_stairs":7,"stat.useItem.minecraft.activator_rail":7,"stat.useItem.minecraft.red_nether_brick":10,"stat.useItem.minecraft.purpur_stairs":5,"stat.pickup.minecraft.cobblestone_wall":3,"stat.useItem.minecraft.record_cat":1,"stat.aviateOneCm":45534556,"stat.useItem.minecraft.anvil":264,"stat.useItem.minecraft.fence_gate":8,"stat.useItem.minecraft.spawn_egg":71,"stat.pickup.minecraft.stained_hardened_clay":60,"stat.drop.minecraft.stone_slab":2,"stat.pickup.minecraft.beef":2,"stat.useItem.minecraft.redstone":2,"stat.useItem.minecraft.red_sandstone":617,"achievement.mineWood":3,"stat.useItem.minecraft.trapdoor":11,"stat.useItem.minecraft.stained_glass":9066,"stat.useItem.minecraft.stone_stairs":167,"stat.useItem.minecraft.dark_oak_door":5,"stat.useItem.minecraft.ice":7,"achievement.openInventory":4462,"stat.pickup.minecraft.stone_stairs":3,"stat.useItem.minecraft.cauldron":4,"stat.useItem.minecraft.flint_and_steel":36,"stat.useItem.minecraft.wheat_seeds":9,"stat.pickup.minecraft.pumpkin_seeds":1,"stat.useItem.minecraft.lingering_potion":1783,"stat.useItem.minecraft.hopper":9,"stat.useItem.minecraft.dye":23,"stat.pickup.minecraft.lever":2,"stat.deaths":4,"stat.pickup.minecraft.egg":7,"stat.playOneMinute":17280970,"stat.useItem.minecraft.nether_brick":1576,"stat.pickup.minecraft.item_frame":2,"stat.useItem.minecraft.jukebox":1,"stat.mineBlock.minecraft.tallgrass":1,"stat.chestOpened":12,"stat.recordPlayed":1,"stat.useItem.minecraft.stone":10512,"stat.useItem.minecraft.sponge":16,"stat.useItem.minecraft.clay":1,"stat.useItem.minecraft.packed_ice":30,"stat.fallOneCm":46921,"stat.drop.minecraft.stone":1,"stat.crouchOneCm":312185,"stat.useItem.minecraft.nether_brick_fence":128,"stat.mineBlock.minecraft.lever":1,"stat.useItem.minecraft.iron_hoe":30,"stat.useItem.minecraft.emerald_ore":47,"stat.dropperInspected":1,"stat.pickup.minecraft.repeater":3,"stat.useItem.minecraft.golden_rail":7,"stat.useItem.minecraft.dark_oak_fence":33,"stat.pickup.minecraft.feather":16,"stat.pickup.minecraft.record_cat":3,"stat.useItem.minecraft.furnace":1,"stat.pickup.minecraft.wheat_seeds":1,"stat.useItem.minecraft.wool":63084,"stat.flowerPotted":17,"stat.useItem.minecraft.iron_bars":40,"stat.pickup.minecraft.flint_and_steel":3,"stat.useItem.minecraft.bone_block":40,"stat.useItem.minecraft.log":11,"stat.useItem.minecraft.comparator":7,"stat.useItem.minecraft.cobblestone":356,"stat.pickup.minecraft.magma":2,"stat.useItem.minecraft.gravel":49,"stat.pickup.minecraft.log":3,"stat.useItem.minecraft.nether_wart_block":1,"stat.pickup.minecraft.bedrock":3,"stat.pickup.minecraft.hopper":4,"stat.pickup.minecraft.chicken":12,"stat.useItem.minecraft.barrier":3,"stat.useItem.minecraft.daylight_detector":6,"stat.useItem.minecraft.stonebrick":2057,"stat.pickup.minecraft.golden_sword":1,"stat.useItem.minecraft.wooden_door":9,"stat.pickup.minecraft.red_nether_brick":865,"stat.sneakTime":272948,"stat.pickup.minecraft.wool":16,"stat.useItem.minecraft.wooden_axe":12,"stat.pickup.minecraft.stone_slab":9,"stat.drop.minecraft.grass":1,"stat.useItem.minecraft.fishing_rod":4,"stat.useItem.minecraft.lapis_block":2,"stat.useItem.minecraft.repeater":6,"stat.useItem.minecraft.diamond_sword":40,"stat.swimOneCm":22317,"stat.climbOneCm":935,"stat.useItem.minecraft.obsidian":9,"stat.useItem.minecraft.dirt":4050,"stat.useItem.minecraft.stone_slab2":289,"stat.pickup.minecraft.purpur_block":3,"achievement.exploreAllBiomes":{"value":0,"progress":["River","Plains","The Void"]},"stat.useItem.minecraft.red_flower":5,"stat.useItem.minecraft.egg":17,"stat.pickup.minecraft.anvil":4,"stat.pickup.minecraft.nether_wart_block":3,"stat.useItem.minecraft.detector_rail":21,"stat.pickup.minecraft.cobblestone":707,"stat.useItem.minecraft.brick_block":16,"stat.flyOneCm":139809547,"stat.pickup.minecraft.cactus":2,"stat.pickup.minecraft.redstone":1,"stat.timeSinceDeath":9085983,"stat.useItem.minecraft.sign":21,"stat.useItem.minecraft.wooden_slab":1,"stat.pickup.minecraft.mutton":14,"stat.useItem.minecraft.noteblock":2,"stat.useItem.minecraft.lever":6,"stat.pickup.minecraft.wooden_axe":6,"stat.pickup.minecraft.dark_oak_door":4,"stat.drop.minecraft.stained_glass":2,"stat.pickup.minecraft.carpet":4,"stat.pickup.minecraft.trapdoor":1,"stat.drop.minecraft.wool":3,"stat.useItem.minecraft.armor_stand":2,"stat.talkedToVillager":2,"stat.useItem.minecraft.purpur_pillar":9,"stat.useItem.minecraft.milk_bucket":2,"stat.useItem.minecraft.spruce_fence":97,"stat.useItem.minecraft.written_book":1,"stat.useItem.minecraft.dropper":8,"stat.sprintOneCm":1090501,"stat.useItem.minecraft.diamond_block":41,"stat.useItem.minecraft.hay_block":2,"stat.pickup.minecraft.bone_block":3,"stat.useItem.minecraft.stone_slab":7899,"stat.useItem.minecraft.bed":2,"stat.pickup.minecraft.grass":1536,"stat.useItem.minecraft.stone_pressure_plate":1,"stat.useItem.minecraft.bucket":67,"stat.pickup.minecraft.spawn_egg":3,"stat.drop":10,"stat.pickup.minecraft.stone_button":2,"stat.pickup.minecraft.jukebox":3,"stat.killEntity.Sheep":8,"stat.useItem.minecraft.banner":3,"stat.useItem.minecraft.diamond_ore":62,"stat.useItem.minecraft.purpur_block":897,"stat.diveOneCm":11083,"stat.useItem.minecraft.sticky_piston":6,"stat.useItem.minecraft.structure_void":2,"stat.pickup.minecraft.sign":2,"stat.useItem.minecraft.quartz_stairs":516,"stat.useItem.minecraft.carpet":14,"stat.useItem.minecraft.stained_glass_pane":96,"stat.pickup.minecraft.stone_brick_stairs":3,"stat.useItem.minecraft.flower_pot":1,"stat.useItem.minecraft.bedrock":32,"stat.jump":11100,"stat.useItem.minecraft.iron_trapdoor":97,"stat.useItem.minecraft.sand":85,"stat.useItem.minecraft.stone_button":33,"stat.pickup.minecraft.dirt":5,"stat.useItem.minecraft.coal_ore":31,"stat.pickup.minecraft.iron_ore":1,"stat.pickup.minecraft.red_sandstone":6,"stat.damageTaken":2622,"stat.pickup.minecraft.leather":9,"stat.useItem.minecraft.stone_brick_stairs":387,"stat.useItem.minecraft.end_crystal":10,"stat.useItem.minecraft.gold_block":38,"stat.useItem.minecraft.magma":2,"stat.pickup.minecraft.stained_glass":2,"stat.damageDealt":4070,"stat.killEntity.Cow":4,"stat.killEntity.Pig":2,"stat.useItem.minecraft.command_block":7,"stat.walkOneCm":1281560,"stat.useItem.minecraft.chest":9,"stat.useItem.minecraft.pumpkin":2,"stat.pickup.minecraft.noteblock":3,"stat.useItem.minecraft.tnt":2,"stat.useItem.minecraft.gold_ore":7,"stat.useItem.minecraft.lava_bucket":66,"stat.useItem.minecraft.item_frame":29,"stat.pickup.minecraft.stone":1,"stat.mineBlock.minecraft.wool":2,"stat.useItem.minecraft.stained_hardened_clay":14699,"stat.useItem.minecraft.leaves":552,"stat.useItem.minecraft.tripwire_hook":8,"stat.killEntity.Chicken":5,"stat.mobKills":29,"stat.useItem.minecraft.mossy_cobblestone":25,"stat.useItem.minecraft.cobblestone_wall":41,"stat.useItem.minecraft.writable_book":3,"stat.drop.minecraft.quartz_block":1,"stat.pickup.minecraft.lava_bucket":1,"stat.useItem.minecraft.purpur_slab":12,"stat.useItem.minecraft.sandstone":15}