{"stat.pickup.minecraft.tripwire_hook":12,"stat.useItem.minecraft.sticky_piston":7,"stat.useItem.minecraft.quartz_block":27,"stat.drop.minecraft.purpur_stairs":1,"stat.useItem.minecraft.stone":71,"stat.useItem.minecraft.repeater":4,"stat.useItem.minecraft.quartz_stairs":47,"stat.leaveGame":28,"stat.useItem.minecraft.acacia_fence_gate":1,"stat.useItem.minecraft.carpet":22,"stat.useItem.minecraft.stained_glass_pane":58,"stat.useItem.minecraft.glowstone":8,"stat.useItem.minecraft.bedrock":1,"stat.jump":1385,"stat.useItem.minecraft.iron_trapdoor":36,"stat.useItem.minecraft.planks":2,"stat.climbOneCm":453,"stat.fallOneCm":335,"stat.crouchOneCm":45575,"stat.useItem.minecraft.nether_brick_fence":49,"stat.useItem.minecraft.redstone_torch":2,"stat.useItem.minecraft.dirt":48,"stat.useItem.minecraft.stone_button":71,"stat.useItem.minecraft.red_sandstone_stairs":3,"achievement.exploreAllBiomes":{"value":0,"progress":["Plains"]},"stat.useItem.minecraft.glass":17,"stat.useItem.minecraft.sandstone_stairs":1,"stat.useItem.minecraft.activator_rail":5,"stat.useItem.minecraft.golden_rail":5,"stat.useItem.minecraft.stone_brick_stairs":83,"stat.useItem.minecraft.purpur_stairs":3,"stat.useItem.minecraft.acacia_door":5,"stat.noteblockTuned":12,"stat.useItem.minecraft.spruce_fence_gate":3,"stat.useItem.minecraft.anvil":9,"stat.flyOneCm":4194221,"stat.pickup.minecraft.cactus":1,"stat.pickup.minecraft.stained_glass":1,"stat.pickup.minecraft.redstone":2,"stat.useItem.minecraft.wool":478,"stat.timeSinceDeath":1093470,"stat.useItem.minecraft.sign":7,"stat.useItem.minecraft.wooden_slab":86,"stat.useItem.minecraft.iron_bars":38,"stat.useItem.minecraft.noteblock":35,"stat.useItem.minecraft.command_block":1,"stat.walkOneCm":395113,"stat.useItem.minecraft.torch":39,"stat.useItem.minecraft.lever":3,"stat.useItem.minecraft.dark_oak_fence_gate":15,"stat.useItem.minecraft.emerald_block":92,"stat.pickup.minecraft.carpet":2,"stat.pickup.minecraft.wooden_button":9,"stat.useItem.minecraft.redstone_block":3,"stat.useItem.minecraft.redstone":9,"stat.useItem.minecraft.item_frame":4,"stat.drop.minecraft.cactus":2,"stat.useItem.minecraft.spruce_stairs":7,"stat.useItem.minecraft.stained_hardened_clay":60,"stat.useItem.minecraft.trapdoor":3,"stat.sprintOneCm":218462,"stat.useItem.minecraft.stained_glass":126,"stat.useItem.minecraft.cactus":1,"stat.pickup.minecraft.ladder":1,"stat.useItem.minecraft.stone_stairs":57,"stat.useItem.minecraft.glass_pane":18,"stat.useItem.minecraft.stone_slab":260,"stat.useItem.minecraft.tripwire_hook":4,"achievement.openInventory":181,"stat.useItem.minecraft.barrier":25,"stat.useItem.minecraft.iron_block":29,"stat.useItem.minecraft.wooden_button":8,"stat.useItem.minecraft.stone_pressure_plate":2,"stat.useItem.minecraft.hopper":3,"stat.deaths":1,"stat.useItem.minecraft.cobblestone_wall":2,"stat.drop":3,"stat.playOneMinute":1101160,"stat.pickup.minecraft.stone_button":2,"stat.pickup.minecraft.torch":1,"stat.useItem.minecraft.ladder":2,"stat.sneakTime":18073,"stat.useItem.minecraft.purpur_slab":3,"stat.pickup.minecraft.item_frame":1,"stat.useItem.minecraft.web":27}