{
  "minecraft:recipes/food/bread": {
    "criteria": {
      "has_wheat": "2021-11-07 00:53:42 +0500"
    },
    "done": true
  },
  "minecraft:recipes/transportation/carrot_on_a_stick": {
    "criteria": {
      "has_carrot": "2021-11-07 00:53:42 +0500"
    },
    "done": true
  },
  "minecraft:recipes/decorations/chest": {
    "criteria": {
      "has_lots_of_items": "2021-11-07 00:53:42 +0500"
    },
    "done": true
  },
  "minecraft:adventure/adventuring_time": {
    "criteria": {
      "plains": "2021-11-01 20:00:58 +0500"
    },
    "done": false
  }
}