{
  "minecraft:adventure/root": {
    "criteria": {
      "killed_something": "2021-11-07 00:20:17 +0500"
    },
    "done": true
  },
  "minecraft:adventure/kill_a_mob": {
    "criteria": {
      "zombie": "2021-11-07 00:20:17 +0500"
    },
    "done": true
  },
  "minecraft:adventure/kill_all_mobs": {
    "criteria": {
      "zombie": "2021-11-07 00:20:17 +0500"
    },
    "done": false
  },
  "minecraft:adventure/adventuring_time": {
    "criteria": {
      "plains": "2021-11-07 00:16:58 +0500"
    },
    "done": false
  }
}