{"stat.useItem.minecraft.string":9,"stat.useItem.minecraft.end_bricks":22,"stat.useItem.minecraft.lapis_block":1,"stat.useItem.minecraft.quartz_block":116,"stat.leaveGame":6,"stat.useItem.minecraft.beacon":2,"stat.useItem.minecraft.bookshelf":12,"stat.useItem.minecraft.planks":117,"stat.climbOneCm":301,"stat.useItem.minecraft.end_rod":21,"stat.useItem.minecraft.dirt":9,"achievement.exploreAllBiomes":{"value":0,"progress":["Plains","The Void"]},"stat.useItem.minecraft.sandstone_stairs":8,"stat.drop.minecraft.brick_block":3,"stat.useItem.minecraft.rail":6,"stat.drop.minecraft.quartz_stairs":1,"stat.useItem.minecraft.brick_block":253,"stat.useItem.minecraft.anvil":9,"stat.flyOneCm":1421393,"stat.drop.minecraft.sand":1,"stat.pickup.minecraft.cactus":3,"stat.timeSinceDeath":184261,"stat.useItem.minecraft.fence_gate":2,"stat.useItem.minecraft.sign":4,"stat.useItem.minecraft.wooden_slab":63,"stat.drop.minecraft.rail":1,"stat.useItem.minecraft.lever":11,"stat.drop.minecraft.iron_bars":4,"stat.useItem.minecraft.oak_stairs":55,"stat.drop.minecraft.dirt":1,"stat.useItem.minecraft.dark_oak_stairs":38,"stat.drop.minecraft.wool":1,"stat.drop.minecraft.stone_slab":7,"stat.drop.minecraft.redstone_lamp":1,"stat.drop.minecraft.cactus":4,"stat.drop.minecraft.anvil":1,"stat.useItem.minecraft.trapdoor":22,"stat.sprintOneCm":55686,"stat.useItem.minecraft.stained_glass":6,"stat.useItem.minecraft.hay_block":13,"stat.drop.minecraft.dark_oak_door":1,"stat.useItem.minecraft.fence":10,"stat.useItem.minecraft.dark_oak_door":10,"stat.useItem.minecraft.stone_slab":250,"stat.useItem.minecraft.bed":4,"achievement.openInventory":192,"stat.drop.minecraft.cobblestone_wall":5,"stat.deaths":1,"stat.drop":53,"stat.playOneMinute":236284,"stat.pickup.minecraft.stone_button":5,"stat.useItem.minecraft.cake":2,"stat.drop.minecraft.string":4,"stat.useItem.minecraft.banner":6,"stat.useItem.minecraft.ladder":27,"stat.drop.minecraft.torch":1,"stat.useItem.minecraft.jukebox":1,"stat.chestOpened":3,"stat.useItem.minecraft.stone":126,"stat.useItem.minecraft.quartz_stairs":38,"stat.drop.minecraft.ladder":1,"stat.useItem.minecraft.carpet":45,"stat.useItem.minecraft.clay":56,"stat.pickup.minecraft.stone_brick_stairs":1,"stat.useItem.minecraft.flower_pot":3,"stat.jump":805,"stat.useItem.minecraft.sand":34,"stat.useItem.minecraft.iron_trapdoor":22,"stat.drop.minecraft.stone":2,"stat.crouchOneCm":24902,"stat.pickup.minecraft.dirt":1,"stat.useItem.minecraft.stone_button":57,"stat.useItem.minecraft.coal_ore":3,"stat.drop.minecraft.stained_glass_pane":1,"stat.useItem.minecraft.redstone_lamp":5,"stat.useItem.minecraft.stone_brick_stairs":80,"stat.useItem.minecraft.furnace":1,"stat.drop.minecraft.stone_button":1,"stat.useItem.minecraft.wool":23,"stat.useItem.minecraft.crafting_table":1,"stat.useItem.minecraft.iron_bars":22,"stat.flowerPotted":2,"stat.useItem.minecraft.bone_block":2,"stat.walkOneCm":247212,"stat.useItem.minecraft.torch":4,"stat.useItem.minecraft.chest":5,"stat.drop.minecraft.stone_brick_stairs":2,"stat.useItem.minecraft.log":10,"stat.drop.minecraft.coal_ore":1,"stat.useItem.minecraft.item_frame":2,"stat.drop.minecraft.planks":1,"stat.pickup.minecraft.stone":1,"stat.useItem.minecraft.spruce_stairs":89,"stat.useItem.minecraft.leaves":3,"stat.useItem.minecraft.cactus":11,"stat.pickup.minecraft.ladder":4,"stat.pickup.minecraft.banner":2,"stat.useItem.minecraft.deadbush":5,"stat.useItem.minecraft.birch_door":6,"stat.drop.minecraft.deadbush":1,"stat.drop.minecraft.lever":1,"stat.useItem.minecraft.barrier":5,"stat.pickup.minecraft.bread":1,"stat.drop.minecraft.end_rod":1,"stat.useItem.minecraft.stonebrick":48,"stat.useItem.minecraft.wooden_door":2,"stat.useItem.minecraft.cobblestone_wall":79,"stat.pickup.minecraft.torch":1,"stat.sneakTime":15866,"stat.drop.minecraft.wooden_axe":5,"stat.useItem.minecraft.sandstone":1}