{"stat.useItem.minecraft.iron_bars":320,"stat.walkOneCm":28073,"stat.useItem.minecraft.stone":1299,"stat.useItem.minecraft.quartz_stairs":97,"stat.leaveGame":3,"stat.useItem.minecraft.sponge":203,"stat.useItem.minecraft.gravel":159,"stat.useItem.minecraft.emerald_block":42,"stat.pickup.minecraft.carpet":1,"stat.useItem.minecraft.gold_ore":32,"stat.useItem.minecraft.carpet":38,"stat.useItem.minecraft.stained_glass_pane":433,"stat.jump":84,"stat.useItem.minecraft.redstone_block":16,"stat.useItem.minecraft.nether_brick_stairs":474,"stat.crouchOneCm":2284,"stat.useItem.minecraft.stained_hardened_clay":296,"stat.useItem.minecraft.stone_button":62,"stat.useItem.minecraft.coal_ore":18,"stat.sprintOneCm":6326,"stat.useItem.minecraft.stained_glass":116,"achievement.exploreAllBiomes":{"value":0,"progress":["Plains"]},"stat.useItem.minecraft.stone_stairs":58,"stat.useItem.minecraft.emerald_ore":45,"stat.useItem.minecraft.stone_slab":1640,"achievement.openInventory":257,"stat.useItem.minecraft.barrier":19,"stat.useItem.minecraft.iron_block":884,"stat.useItem.minecraft.vine":60,"stat.useItem.minecraft.rail":72,"stat.useItem.minecraft.hopper":2,"stat.flyOneCm":3825021,"stat.useItem.minecraft.cobblestone_wall":27,"stat.playOneMinute":290625,"stat.pickup.minecraft.stone_button":6,"stat.useItem.minecraft.nether_brick":93,"stat.sneakTime":16773,"stat.useItem.minecraft.wool":111,"stat.timeSinceDeath":290625,"stat.hopperInspected":1,"stat.useItem.minecraft.sandstone":6,"stat.useItem.minecraft.iron_door":13}