{
  "minecraft:recipes/transportation/activator_rail": {
    "criteria": {
      "has_rail": "2022-01-04 21:00:50 +0500"
    },
    "done": true
  },
  "minecraft:recipes/transportation/detector_rail": {
    "criteria": {
      "has_rail": "2022-01-04 21:00:50 +0500"
    },
    "done": true
  },
  "minecraft:recipes/transportation/golden_rail": {
    "criteria": {
      "has_rail": "2022-01-04 21:00:50 +0500"
    },
    "done": true
  },
  "minecraft:adventure/adventuring_time": {
    "criteria": {
      "plains": "2022-01-04 20:27:00 +0500"
    },
    "done": false
  }
}