{"stat.useItem.minecraft.lapis_ore":2,"stat.walkOneCm":42793,"stat.useItem.minecraft.stone_slab":127,"achievement.openInventory":147,"stat.leaveGame":2,"stat.useItem.minecraft.log":16,"stat.flyOneCm":701999,"stat.drop":1,"stat.jump":402,"stat.playOneMinute":29368,"stat.fallOneCm":836,"stat.useItem.minecraft.planks":15,"stat.sneakTime":1210,"stat.damageDealt":20,"stat.crouchOneCm":2903,"stat.timeSinceDeath":29368,"stat.useItem.minecraft.dirt":2,"stat.sprintOneCm":33788,"stat.useItem.minecraft.red_sandstone_stairs":1,"stat.drop.minecraft.grass":1,"achievement.exploreAllBiomes":{"value":0,"progress":["Plains"]}}