{"stat.useItem.minecraft.quartz_block":13,"stat.killEntity.EntityHorse":1,"stat.useItem.minecraft.stone":34,"stat.horseOneCm":638,"stat.useItem.minecraft.quartz_stairs":2,"stat.leaveGame":45,"stat.useItem.minecraft.sponge":2,"stat.useItem.minecraft.skull":5,"stat.useItem.minecraft.carpet":24,"stat.useItem.minecraft.heavy_weighted_pressure_plate":1,"stat.useItem.minecraft.stained_glass_pane":16,"stat.useItem.minecraft.glowstone":9,"stat.jump":320,"stat.useItem.minecraft.iron_trapdoor":8,"stat.swimOneCm":138,"stat.fallOneCm":1877,"stat.useItem.minecraft.nether_brick_stairs":28,"stat.crouchOneCm":17026,"stat.useItem.minecraft.nether_brick_fence":27,"stat.useItem.minecraft.stone_button":5,"stat.useItem.minecraft.red_sandstone_stairs":111,"stat.useItem.minecraft.stone_slab2":125,"achievement.exploreAllBiomes":{"value":0,"progress":["Plains"]},"stat.pickup.minecraft.nether_brick_fence":1,"stat.useItem.minecraft.dark_oak_fence":3,"stat.damageTaken":400,"stat.useItem.minecraft.stone_brick_stairs":50,"stat.useItem.minecraft.anvil":5,"stat.flyOneCm":7683530,"stat.pickup.minecraft.bed":1,"stat.useItem.minecraft.birch_fence":7,"stat.damageDealt":219,"stat.useItem.minecraft.wool":283,"stat.timeSinceDeath":8847,"stat.useItem.minecraft.fence_gate":2,"stat.useItem.minecraft.sign":9,"stat.useItem.minecraft.wooden_slab":77,"stat.walkOneCm":136522,"stat.useItem.minecraft.chest":2,"stat.useItem.minecraft.lever":9,"stat.useItem.minecraft.oak_stairs":12,"stat.useItem.minecraft.dark_oak_fence_gate":23,"stat.pickup.minecraft.carpet":18,"stat.drop.minecraft.wool":1,"stat.useItem.minecraft.item_frame":1,"stat.drop.minecraft.stained_hardened_clay":1,"stat.useItem.minecraft.red_sandstone":151,"stat.useItem.minecraft.spruce_stairs":10,"stat.pickup.minecraft.stone":1,"stat.useItem.minecraft.stained_hardened_clay":22,"stat.useItem.minecraft.trapdoor":29,"stat.sprintOneCm":31466,"stat.useItem.minecraft.fence":39,"stat.useItem.minecraft.stone_stairs":47,"stat.useItem.minecraft.stone_slab":138,"stat.useItem.minecraft.tripwire_hook":2,"stat.useItem.minecraft.bed":1,"achievement.openInventory":161,"stat.useItem.minecraft.wooden_button":26,"stat.useItem.minecraft.stone_pressure_plate":4,"stat.useItem.minecraft.hopper":5,"stat.useItem.minecraft.daylight_detector":3,"stat.mobKills":1,"stat.pickup.minecraft.lever":1,"stat.deaths":2,"stat.useItem.minecraft.cobblestone_wall":16,"stat.drop":2,"stat.playOneMinute":372801,"stat.sneakTime":11444}