{"stat.beaconInteraction":1,"stat.useItem.minecraft.string":4,"stat.useItem.minecraft.quartz_block":617,"stat.useItem.minecraft.painting":2,"stat.pickup.minecraft.wooden_slab":2,"stat.leaveGame":436,"stat.pickup.minecraft.stone_slab2":2,"stat.useItem.minecraft.glowstone":261,"stat.useItem.minecraft.planks":76,"stat.useItem.minecraft.nether_brick_stairs":1421,"stat.useItem.minecraft.red_sandstone_stairs":1242,"stat.useItem.minecraft.water_bucket":16,"stat.useItem.minecraft.diamond_hoe":4,"stat.pickup.minecraft.sand":7,"stat.useItem.minecraft.sandstone_stairs":597,"stat.useItem.minecraft.activator_rail":115,"stat.pickup.minecraft.cobblestone_wall":3,"stat.useItem.minecraft.rail":207,"stat.aviateOneCm":44201,"stat.useItem.minecraft.anvil":118,"stat.useItem.minecraft.fence_gate":9,"stat.hopperInspected":7,"stat.pickup.minecraft.stained_hardened_clay":3,"stat.drop.minecraft.emerald_ore":1,"stat.drop.minecraft.rail":1,"stat.useItem.minecraft.hardened_clay":200,"stat.useItem.minecraft.oak_stairs":8,"stat.useItem.minecraft.pumpkin_seeds":6,"stat.useItem.minecraft.dark_oak_stairs":38,"stat.pickup.minecraft.wooden_button":102,"stat.drop.minecraft.stone_slab":2,"stat.useItem.minecraft.end_stone":189,"stat.useItem.minecraft.double_plant":2,"stat.useItem.minecraft.redstone":303,"stat.drop.minecraft.stained_hardened_clay":1,"stat.useItem.minecraft.red_sandstone":1561,"achievement.mineWood":1,"stat.useItem.minecraft.trapdoor":469,"stat.useItem.minecraft.stained_glass":8342,"stat.useItem.minecraft.fence":602,"stat.useItem.minecraft.stone_stairs":510,"stat.pickup.minecraft.acacia_door":8,"stat.useItem.minecraft.dark_oak_door":21,"stat.useItem.minecraft.ice":22,"achievement.openInventory":3404,"stat.useItem.minecraft.cauldron":108,"stat.useItem.minecraft.wooden_button":74,"stat.drop.minecraft.nether_brick_stairs":1,"stat.pickup.minecraft.pumpkin_seeds":8,"stat.useItem.minecraft.hopper":15,"stat.pickup.minecraft.lever":5,"stat.playOneMinute":17492469,"stat.useItem.minecraft.jungle_stairs":6,"stat.useItem.minecraft.nether_brick":774,"stat.pickup.minecraft.glass_pane":1,"stat.pickup.minecraft.item_frame":1,"stat.pickup.minecraft.iron_bars":2,"stat.chestOpened":9,"stat.useItem.minecraft.lapis_ore":45,"stat.useItem.minecraft.splash_potion":29,"stat.useItem.minecraft.stone":8517,"stat.useItem.minecraft.jungle_fence":88,"stat.useItem.minecraft.sponge":452,"stat.useItem.minecraft.acacia_fence_gate":2,"stat.useItem.minecraft.clay":76,"stat.useItem.minecraft.packed_ice":13,"stat.drop.minecraft.stone":1,"stat.crouchOneCm":952684,"stat.pickup.minecraft.rail":5,"stat.useItem.minecraft.nether_brick_fence":1671,"stat.pickup.minecraft.painting":1,"stat.useItem.minecraft.iron_hoe":2,"stat.useItem.minecraft.emerald_ore":361,"stat.craftingTableInteraction":1,"stat.drop.minecraft.stained_glass_pane":1,"stat.pickup.minecraft.nether_brick_fence":1,"stat.pickup.minecraft.emerald_ore":2,"stat.useItem.minecraft.golden_rail":98,"stat.useItem.minecraft.dark_oak_fence":297,"stat.pickup.minecraft.wheat_seeds":58,"stat.drop.minecraft.carpet":1,"stat.useItem.minecraft.wool":7996,"stat.flowerPotted":122,"stat.useItem.minecraft.iron_bars":1155,"stat.useItem.minecraft.torch":22,"stat.useItem.minecraft.log":117,"stat.drop.minecraft.tallgrass":1,"stat.useItem.minecraft.comparator":6,"stat.useItem.minecraft.cobblestone":290,"stat.useItem.minecraft.gravel":56,"stat.pickup.minecraft.log":1,"stat.drop.minecraft.sign":1,"stat.useItem.minecraft.jungle_fence_gate":24,"stat.drop.minecraft.stonebrick":1,"stat.useItem.minecraft.yellow_flower":14,"stat.pickup.minecraft.tallgrass":1,"stat.pickup.minecraft.wooden_door":6,"stat.useItem.minecraft.tallgrass":388,"stat.useItem.minecraft.glass_pane":147,"stat.pickup.minecraft.banner":28,"stat.useItem.minecraft.birch_door":8,"stat.useItem.minecraft.barrier":275,"stat.useItem.minecraft.jungle_door":4,"stat.useItem.minecraft.daylight_detector":8,"stat.useItem.minecraft.wooden_pressure_plate":17,"stat.useItem.minecraft.stonebrick":297,"stat.useItem.minecraft.wooden_door":280,"stat.useItem.minecraft.spruce_door":9,"stat.pickup.minecraft.iron_door":5,"stat.pickup.minecraft.red_nether_brick":2594,"stat.sneakTime":521477,"stat.pickup.minecraft.wool":6,"stat.pickup.minecraft.stone_slab":14,"stat.pickup.minecraft.golden_rail":1,"stat.pickup.minecraft.trapped_chest":1,"stat.drop.minecraft.wooden_axe":5,"stat.useItem.minecraft.web":16,"stat.useItem.minecraft.brick_stairs":99,"stat.pickup.minecraft.tripwire_hook":28,"stat.useItem.minecraft.lapis_block":135,"stat.pickup.minecraft.stone_pressure_plate":6,"stat.useItem.minecraft.repeater":9,"stat.useItem.minecraft.beacon":3,"stat.useItem.minecraft.skull":2,"stat.pickup.minecraft.flower_pot":56,"stat.swimOneCm":12028,"stat.useItem.minecraft.snow":27,"stat.climbOneCm":17578,"stat.pickup.minecraft.glowstone":1,"stat.useItem.minecraft.end_rod":23,"stat.drop.minecraft.cobblestone":1,"stat.useItem.minecraft.coal_block":169,"stat.useItem.minecraft.redstone_torch":14,"stat.pickup.minecraft.sticky_piston":2,"stat.useItem.minecraft.dirt":955,"stat.useItem.minecraft.stone_slab2":1723,"achievement.exploreAllBiomes":{"value":0,"progress":["River","Plains","The Void"]},"stat.useItem.minecraft.red_flower":70,"stat.useItem.minecraft.leaves2":1,"stat.drop.minecraft.iron_trapdoor":1,"stat.pickup.minecraft.coal_ore":2,"stat.drop.minecraft.quartz_stairs":1,"stat.pickup.minecraft.quartz_stairs":1,"stat.pickup.minecraft.iron_trapdoor":2,"stat.useItem.minecraft.spruce_fence_gate":1,"stat.useItem.minecraft.brick_block":278,"stat.flyOneCm":172973316,"stat.pickup.minecraft.nether_brick_stairs":1,"stat.pickup.minecraft.cactus":84,"stat.pickup.minecraft.redstone":2,"stat.timeSinceDeath":17492469,"stat.useItem.minecraft.sign":82,"stat.useItem.minecraft.melon_block":1,"stat.useItem.minecraft.wooden_slab":2536,"stat.useItem.minecraft.iron_door":62,"stat.useItem.minecraft.noteblock":20,"stat.useItem.minecraft.lever":122,"stat.pickup.minecraft.wooden_axe":5,"stat.pickup.minecraft.carpet":27,"stat.drop.minecraft.wool":1,"stat.useItem.minecraft.armor_stand":9,"stat.useItem.minecraft.sea_lantern":18,"stat.useItem.minecraft.milk_bucket":2,"stat.useItem.minecraft.spruce_fence":343,"stat.sprintOneCm":2171907,"stat.useItem.minecraft.hay_block":18,"stat.useItem.minecraft.stone_slab":9021,"stat.pickup.minecraft.grass":2,"stat.useItem.minecraft.stone_pressure_plate":442,"stat.drop.minecraft.leaves":1,"stat.drop.minecraft.cobblestone_wall":2,"stat.drop":33,"stat.pickup.minecraft.stone_button":57,"stat.useItem.minecraft.banner":385,"stat.useItem.minecraft.ladder":278,"stat.useItem.minecraft.purpur_block":1,"stat.pickup.minecraft.iron_block":1,"stat.diveOneCm":4129,"stat.useItem.minecraft.sticky_piston":5,"stat.pickup.minecraft.sign":3,"stat.useItem.minecraft.quartz_stairs":800,"stat.pickup.minecraft.stained_glass_pane":9,"stat.useItem.minecraft.carpet":1106,"stat.useItem.minecraft.heavy_weighted_pressure_plate":85,"stat.useItem.minecraft.potion":6,"stat.useItem.minecraft.stained_glass_pane":4473,"stat.useItem.minecraft.flower_pot":86,"stat.useItem.minecraft.bedrock":379,"stat.jump":24837,"stat.useItem.minecraft.sand":460,"stat.useItem.minecraft.iron_trapdoor":1988,"stat.pickup.minecraft.fence":1,"stat.useItem.minecraft.piston":4,"stat.useItem.minecraft.stone_button":1454,"stat.useItem.minecraft.coal_ore":706,"stat.pickup.minecraft.dirt":1,"stat.drop.minecraft.glowstone":1,"stat.useItem.minecraft.dispenser":87,"stat.useItem.minecraft.glass":136,"stat.drop.minecraft.barrier":5,"stat.useItem.minecraft.redstone_lamp":2,"stat.pickup.minecraft.leaves":1,"stat.damageTaken":220,"stat.useItem.minecraft.stone_brick_stairs":1070,"stat.dispenserInspected":1,"stat.useItem.minecraft.gold_block":26,"stat.drop.minecraft.stone_button":1,"stat.useItem.minecraft.acacia_door":23,"stat.noteblockTuned":1,"stat.drop.minecraft.red_sandstone":1,"stat.useItem.minecraft.slime":6,"stat.useItem.minecraft.birch_fence":77,"stat.pickup.minecraft.quartz_block":64,"stat.pickup.minecraft.stained_glass":2,"stat.damageDealt":50,"stat.useItem.minecraft.snow_layer":302,"stat.useItem.minecraft.crafting_table":29,"stat.useItem.minecraft.command_block":1,"stat.walkOneCm":5971692,"stat.pickup.minecraft.noteblock":1,"stat.useItem.minecraft.dark_oak_fence_gate":182,"stat.useItem.minecraft.emerald_block":129,"stat.useItem.minecraft.gold_ore":343,"stat.useItem.minecraft.redstone_block":23,"stat.useItem.minecraft.item_frame":25,"stat.useItem.minecraft.birch_fence_gate":36,"stat.useItem.minecraft.spruce_stairs":154,"stat.pickup.minecraft.stone":2,"stat.useItem.minecraft.stained_hardened_clay":12807,"stat.useItem.minecraft.leaves":3275,"stat.drop.minecraft.wooden_slab":1,"stat.pickup.minecraft.ladder":10,"stat.useItem.minecraft.cactus":12,"stat.useItem.minecraft.netherrack":4,"stat.useItem.minecraft.prismarine":8,"stat.pickup.minecraft.barrier":5,"stat.useItem.minecraft.tripwire_hook":64,"stat.useItem.minecraft.iron_block":622,"stat.pickup.minecraft.birch_fence":1,"stat.useItem.minecraft.mossy_cobblestone":6,"stat.useItem.minecraft.cobblestone_wall":1452,"stat.pickup.minecraft.torch":2,"stat.useItem.minecraft.purpur_slab":1,"stat.useItem.minecraft.sandstone":1253}