{"stat.useItem.minecraft.bow":12,"stat.useItem.minecraft.command_block":1,"stat.walkOneCm":21261,"stat.leaveGame":3,"stat.pickup.minecraft.arrow":60,"stat.useItem.minecraft.diamond_sword":18,"stat.useItem.minecraft.stained_glass_pane":1,"stat.pickup.minecraft.diamond_sword":1,"stat.jump":45,"stat.fallOneCm":3088,"stat.useItem.minecraft.end_rod":1,"stat.crouchOneCm":862,"stat.pickup.minecraft.dirt":35,"stat.useItem.minecraft.stone_button":2,"stat.sprintOneCm":5691,"stat.pickup.minecraft.bow":64,"achievement.exploreAllBiomes":{"value":0,"progress":["Plains"]},"achievement.openInventory":12,"stat.damageTaken":1068,"stat.mobKills":1,"stat.pickup.minecraft.diamond_chestplate":1,"stat.pickup.minecraft.spawn_egg":1,"stat.flyOneCm":155669,"stat.deaths":2,"stat.killEntity.Shulker":1,"stat.playOneMinute":16567,"stat.pickup.minecraft.stone_button":1,"stat.sneakTime":563,"stat.damageDealt":119,"stat.timeSinceDeath":8808,"stat.useItem.minecraft.spawn_egg":7}